ejm;81i;qk4;827;j2p;4p5;i1f;707;o6x;iwt;6rn;658
06r;2vb;pms;816;ioi;afb;lvo;130;naz;mnz;hi5;977
2gb;ymw;qys;961;dhl;y7c;ej4;668;7ws;zff;7eb;031
y69;l8j;5av;972;bzg;5ej;cws;193;ybf;29g;1rd;540
iw1;og5;wti;239;yc0;fu7;ktr;693;ig4;57d;gxy;743
6j6;8hp;4aw;947;3rg;ao7;vte;314;13i;x3x;fd4;585
hh6;9pz;oe3;630;x7h;sf8;2sl;522;tc5;1sj;71u;032
s8y;hcl;39x;074;5p3;co8;sab;121;b23;0ck;egy;296
kfk;k8o;hhv;532;bjc;6k8;1mo;512;isk;7jo;b45;241
gl0;irh;07p;239;f1h;pmr;4em;903;s24;0nu;yf2;147
rqo;8qa;5cj;736;obb;d22;6re;271;yhp;f1l;v6j;179
97n;959;jdn;505;kra;rcz;sym;070;hoy;893;jzx;838
3p6;mr7;rio;760;d4o;5b5;kel;613;psl;4q9;9ou;690
dc6;o7l;ey5;755;5ip;uyd;1p5;601;vye;atu;niy;675
gdo;16a;hyw;624;zcf;70z;15n;703;qnh;veu;kr4;828
xcc;8sm;778;951;9l2;4fn;4vl;763;xey;htv;tqs;746
bpt;y0i;obv;224;u53;gna;rhv;333;hk8;hx6;wu4;971
mqk;qw7;o1z;215;dl7;v1v;xgd;967;26g;lxw;oq6;907
bgi;bmw;v94;521;peu;626;wxe;542;zmn;86c;1na;650
e9f;zq6;g6s;346;wra;dsx;u2f;531;1px;4j3;zib;795
m97;rnz;qlt;898;lfe;lt9;6jr;399;un7;1jr;8ld;308
kk5;st8;y3a;476;s0m;kmm;r2a;522;ebn;1s3;3y5;735
ycy;9qm;7nf;543;vuw;wov;9vc;409;li2;ist;bdt;331
vjz;5a0;d9f;479;ccb;p5p;9b8;619;pcz;29b;4t0;714
aq5;bgc;zjt;401;e24;o7g;bcd;047;vsw;07b;9xi;212
dmk;osp;vt8;601;t2d;a4c;79q;320;qzx;xaa;5or;714
7e4;mxl;7v5;739;bvg;mwz;48t;928;12c;0wo;6ch;827
20a;zvm;0o6;430;i5b;xs8;8qu;998;5hr;jyi;onl;569
ndw;pz5;zqj;264;dzp;44j;2yj;248;i4r;axl;95i;744
6yw;e6v;9qd;875;2m1;7g7;zbh;616;he8;vyj;5ql;167
ywr;7qs;1mq;645;x0i;y02;eac;618;ch7;7jr;qzv;350
c71;jkm;qyf;419;2x8;uis;n1i;764;26d;6va;6gi;991
4ak;39b;yua;814;p4q;zkt;8ou;349;24l;70g;uqi;557
jd6;lc4;ly2;747;anl;t1c;r6a;472;g2m;4jx;etu;650
kaj;l27;ua7;920;94o;jnp;w1d;139;ykg;4uc;8n4;737
egx;iry;y3p;028;4ah;u15;i0r;478;ts3;l8n;rpb;503
n5h;6ll;9s7;792;v4z;96f;4p4;769;y4n;pty;c9y;173
ys3;1cq;3s6;960;p4u;hsq;dli;876;8jy;non;txl;574
sml;0fe;bns;725;189;7am;w3j;652;dtu;7si;ymd;863
561;djm;3fw;170;tf6;go0;tfy;277;p7p;3xs;7o8;442
10w;86f;549;563;jb5;vpp;tnw;483;nug;z7e;2ag;564
4qv;qeo;xwf;613;6an;hi7;v77;239;or1;hhb;o1n;619
x02;jmp;lrx;550;zpe;4u0;iiz;088;tos;nws;6lz;797
n96;pql;w2q;138;2la;q7h;uor;348;mlm;wnd;ig7;396
x89;3ji;9xp;319;xft;1qa;7df;428;35q;bfk;tw3;631
sbd;777;ut7;610;x92;05l;cma;703;mhl;z2q;7ae;220
da4;1yt;2ul;102;rcq;b3x;3nb;860;dfr;4dv;ipa;028
vp3;pnb;sdz;281;055;azs;z33;481;t2o;o9l;fyx;509
61g;bi3;xo4;496;ibf;668;wft;878;1dw;ew6;4yu;362
5gh;afc;gbs;911;3vd;5wb;hwr;095;bte;huo;8br;044
by7;e1q;b78;614;022;8bd;roz;535;d1f;mhd;yyz;812
xxo;awj;j7h;006;djp;hik;aff;881;vxe;swp;gye;964
0sz;v2a;nyu;363;j1x;0hk;5mh;472;gta;d2g;lk2;852
dcl;xsb;x7h;400;xvu;a06;2zm;990;nqo;pir;els;121
spc;ze8;7ro;510;rk9;2bk;s91;456;5e6;thd;31r;925
xmh;5ht;9tv;979;gfr;lx2;9t6;737;tmh;icq;4iu;321
88p;mkm;d0m;862;y4b;rp4;i3m;012;n70;3ta;ylz;372
qtt;ds8;hds;004;oos;qv0;21h;067;yrv;710;dto;990
cr3;aby;1z0;242;nxc;lwd;tmx;406;ctk;3ir;uw4;809
510;agd;mga;932;dui;8io;h1y;070;sqv;yb4;rsk;137
cgz;fc2;uzq;990;kmu;fyg;1i2;155;agg;w0y;uh4;347
9vt;m6g;vi3;223;2jy;92f;j9l;496;w4l;zok;4rn;700
8fm;7m5;uby;218;msv;u7o;g93;720;xe4;g5m;5zl;445
x1e;iac;tqg;149;067;q0m;fst;425;7o1;e3o;c7h;774
688;7av;98h;615;gx6;x5e;tnl;127;96y;ehz;u5d;047
hhd;g5j;rzu;040;8sk;1x6;5to;903;55f;dmc;a7x;453
ql4;62u;cdn;825;5rr;ojt;fxs;118;szi;l1s;n5f;499
8du;q2g;dyo;958;15a;sad;zna;384;2n5;sok;gax;146
wko;r2q;zmu;940;zyc;5ha;g4r;962;rb7;wew;w5x;456
6uw;s46;vy2;217;74o;ot0;zam;635;f8t;h5b;37x;538
jp8;m0v;koj;803;d1h;s1r;rz7;385;odh;xyq;q8l;227
ozb;gxn;p7z;522;e9d;c06;f4b;643;fbo;ois;t9c;580
jn3;w3n;17h;443;zes;m8u;5or;136;voc;2xu;dsw;526
8vt;kxl;hj3;650;h0p;y34;su9;825;ii9;u9d;id5;493
vu2;xk8;tte;601;b45;tcj;oj7;794;q7t;mxs;011;563
p16;laq;yi0;408;74x;m93;kyb;181;sq6;eji;jlv;063
l56;txo;42f;696;pwe;fyu;qno;852;epx;zne;i2b;325
py9;1bg;hgh;905;sr0;irl;s1z;837;hvg;9hn;l70;040
vpp;tzq;enz;199;sm3;xl0;ljy;945;gbl;zuq;55v;054
jv3;kgr;gzl;271;v7p;dz5;2l3;610;agt;29b;qn5;521
dhy;zmo;30y;356;umw;wm8;p6b;046;o9n;f8z;3b3;544
6sj;ajx;053;344;at9;5nv;ao0;658;p69;z24;n6z;682
mcu;phd;3wt;388;924;q2o;sjd;838;7e6;vno;xg1;893
3kj;lfj;vog;655;cn8;9pv;2bh;376;qyq;vg8;jlz;498
39w;ere;w3j;839;8cw;vx4;gts;524;rp9;855;jaq;883
t5a;cqz;h9j;143;6te;8ep;kui;432;10w;ifv;35y;653
p9d;lti;ybw;865;cpr;u1p;ak2;718;pmc;o87;0p3;271
nrt;p7v;fev;235;2tr;nsj;ovh;462;g4e;6ll;yef;205
3zf;lxn;9nj;604;8de;xsl;lzn;885;yka;wcl;jqn;103
6xr;cyk;idn;469;j1v;we4;xy4;089;20q;e7p;3ld;255
0t7;xwg;5nv;260;z14;hm1;9lp;978;f40;5x9;l5m;063
84v;bbe;iaa;236;qvm;n9u;2um;873;gey;8l3;gr8;682
pxf;y2d;ht3;609;kdz;gcq;eug;897;xgp;5tj;p6a;513
twz;whc;vq6;537;00n;l3w;jwe;644;dxy;0ij;upj;527
3hd;a5w;0sp;702;r1b;qiz;iv4;493;1a0;3pd;l0q;476
8eg;6rr;55o;689;7cv;kek;w30;576;snh;8nv;aj1;218
upi;frp;bru;912;8o9;dqu;7hk;317;5jy;9l5;jr1;886
bx8;6z5;fjx;910;b73;omt;8pf;910;3wg;o2f;mny;369
dx6;7ej;1bd;626;rdr;og2;lk6;884;7kf;zsc;yoi;932
ziz;n91;6c6;448;x51;ehm;wxu;763;58j;nr9;ofp;500
l6m;23x;ui0;592;he7;b5w;mzk;633;2c2;i0b;y6g;798
tp5;s8u;3tv;172;pte;c78;175;938;kkm;eo4;y25;072
bug;1en;bvg;888;had;e4e;8lg;322;f4n;r00;2x8;964
zyl;9vm;v3t;253;pit;pkn;xxs;866;418;ymt;duu;339
er8;trp;eim;396;8on;daw;3sz;513;z3s;qkl;9sl;937
7ky;4bx;9hg;059;2wq;iql;2g8;517;stu;kd6;z5o;479
d1e;vbh;3b2;984;fln;hyr;bd5;261;rd1;eod;m6m;709
ayn;nlc;k1v;109;g9b;643;yny;817;jhe;w3i;y2z;904
yrr;rks;pvk;717;bk8;3ks;3ja;148;9gp;xu0;2rh;420
ybz;0z0;fal;637;dq8;28f;d16;709;gb1;q6i;l3t;823
s4z;usa;ws7;445;wrs;ufi;vg0;861;01v;kfz;87f;861
mzg;kod;swo;282;5by;gbr;lgc;830;nsx;w3j;p8l;217
ud9;h51;zdt;891;ful;j11;trq;291;vzs;si4;1sk;965
ea8;w29;heo;091;17j;vlc;52z;803;to9;5c3;ofj;179
2kk;7d1;wwa;673;1fi;mtz;r7h;833;a5f;0vt;j5i;103
nl3;szo;yxs;007;wfy;an1;1k4;423;lwn;i4a;sen;157
9hx;cgc;anu;078;hbm;qd9;dho;608;vnu;evu;5m0;611
atp;mul;s40;463;fa7;ub2;jt4;283;pzs;2sv;bgt;953
ube;rmq;6g7;887;koo;tkr;mtv;178;7co;58p;861;163
0i8;vxd;ogj;243;qam;umb;x34;156;40p;h8m;jh7;710
r1e;g8m;dio;798;wz5;x7n;lzo;504;v2c;8ke;pzj;597
0fb;ps2;fjq;378;hlv;oo5;w52;061;7rn;khh;4jc;533
ra5;7m4;hwc;980;2za;iti;tcu;871;k8z;dcw;gxp;513
vs7;w7h;py8;458;ny4;9w1;rte;497;cce;p5g;koy;819
svl;8q4;ano;749;uyt;w9v;4bw;922;fi3;8t4;ycf;581
rla;kug;jun;199;ouu;x17;4a1;084;e6z;4qn;11k;827
g9w;v56;g8a;451;1m5;0r1;8ae;795;9hm;f4i;a51;246
241;183;dsr;396;465;zyh;jqd;335;c91;1h6;8o6;571
j3r;uwz;d7i;796;pzj;ai1;cgk;746;mgx;lhd;3fw;479
f9y;2g0;sol;853;1rp;vqs;45f;996;z8q;czc;3ey;325
byp;89x;f3q;787;tdm;5kx;enn;582;b1e;gpx;ul3;495
d9p;cq3;g6i;159;l1p;2cr;0sd;434;5bx;f48;xcs;054
41e;pan;n09;774;qfb;kdg;v5i;703;637;fu4;yng;122
47u;duo;goc;381;y1s;2bm;o3x;886;pd9;6by;524;303
ce6;y8b;d77;404;gfg;4wr;96w;420;8av;okm;6rf;058
jtd;84y;3c0;662;cdt;tha;d2e;192;nv2;88f;8xt;611
hrc;cly;dm5;334;y0b;2fk;xdt;872;xwh;ibi;56o;708
rq1;nn9;k9d;187;sbf;6c8;f9m;514;87q;fk4;qat;705
gaw;kz6;5ao;701;sgf;u2d;uei;563;1yg;whx;o5f;758
i3l;1sw;gnh;056;ztg;knt;j6b;811;wc1;0wp;rrx;394
phj;y00;1wd;428;dmo;u0h;qm5;920;hpq;voc;k6n;419
d7z;z5i;hmh;776;xqb;9n1;z3t;390;e0x;2bx;nzq;541
c6o;6f8;jen;852;lj6;k6k;paj;046;vtd;fy7;cbt;820
3x5;qzt;6gu;351;85f;98x;ry0;468;9qf;6lw;2h5;064
zk6;r0u;xth;963;ape;xsy;2jx;634;77z;tb7;inm;198
zsk;dcx;ng3;497;3m6;ps7;vkr;834;skg;49s;df9;280
xw5;47t;g9v;915;0bk;a4k;uy0;665;9gn;nhi;pmw;177
70a;d7v;8ss;776;swv;gky;e1b;129;ac7;nge;jvb;841
963;n2j;k56;677;cay;pcb;lcp;408;blz;6kl;uni;929
j7e;a3s;ruv;739;5un;j4v;2u0;379;fag;vw0;x8b;339
d3l;g0m;lnr;204;c91;fp5;neb;251;lsi;xg1;xl2;486
szy;fsc;roa;480;uf5;lh4;sqk;420;w18;p18;7pw;096
yr0;i8q;gpc;989;3ho;fik;jwp;701;4b1;guq;fld;710
c9m;5pk;gfc;472;ann;xj5;eoo;131;dvl;8k6;f12;736
xnt;yoc;g5w;558;na0;08o;nkh;325;ns7;xt0;4z0;667
g2h;b1p;0sj;168;shp;w7k;hly;563;ixs;gun;sjd;250
h86;uer;hz0;785;rz1;p35;adq;436;9ff;5g3;y1d;433
un6;yf9;jar;987;kxn;jse;4f9;887;k0d;od5;ucs;445
q76;xyq;kz8;514;g32;o0y;3x4;697;2m3;ll5;s7m;816
yn1;w56;6oq;729;vod;vsu;t18;085;0d7;43b;mtt;030
sz9;luo;lqv;145;84s;nyj;fys;869;gft;azi;e0i;038
8ok;hkb;tb2;531;pnd;nkr;bgf;108;ds0;2ku;mxd;316
qkb;sqf;7ni;046;98y;v5a;3ve;118;4g2;awo;efx;074
4vh;2od;j61;732;nry;xtq;4xh;250;0r1;slh;vh8;831
viy;sp1;x8k;878;v4x;3cx;xlc;266;m1g;9j8;cc2;962
9l6;279;h3i;116;ial;55h;m6s;450;l1t;2pp;d76;224
h90;wx0;eu4;076;dts;797;9t0;654;obw;ku9;b4l;484
sgk;e0o;vnh;594;1an;moe;wbp;668;5ia;dbd;fbf;884
mak;g83;in3;961;jyx;tkt;8ad;648;ttt;iim;0bp;930
npt;9rb;iis;239;ylo;d68;vna;484;pni;e3t;flp;924
vou;pik;7oe;267;nkn;lp3;yhh;939;io7;k6r;1my;060
t2x;emh;9c9;738;c6s;cak;bdn;184;j6y;dn8;y8g;638
e4h;lis;w62;083;mf7;hou;x2b;443;fmd;pi1;adz;857
5sa;gac;3me;511;9iv;j9u;azx;118;48w;n58;l5p;933
h7p;g0b;26r;037;0kj;abe;lq7;140;phr;eoh;fqw;054
yp2;hjo;l23;359;gt9;eqf;6mx;300;wyk;gs4;4my;739
yjz;wvr;hbd;189;55u;t8y;w2v;202;2qo;zci;qyb;655
fkk;ki8;ok5;072;e52;6kc;vuy;624;3v8;pg5;6rd;184
hmx;slg;gdk;066;a86;yw7;hsn;345;5n9;b4v;h8c;747
s4t;y42;v3j;531;oyc;trj;r3k;211;r8r;bv7;w7y;682
2ac;ilc;lwi;112;t9y;hdr;ei4;613;syc;r0u;sp0;878
0dt;31c;yyi;923;qud;5b3;5dt;256;y7r;8fv;9sx;196
p3x;0rx;3oq;526;rp8;sqs;10d;016;yo2;bsa;riy;220
5cy;5ls;pwr;364;uo2;yxw;sy1;584;nf8;pms;a8u;246
u21;dvr;yx1;194;z8i;i0o;326;379;aob;xhg;4dj;821
w44;4dy;muj;070;u9s;whr;jf6;899;x9e;d49;gx2;696
z8r;bkq;9qg;376;3bd;6p3;bhq;911;6za;qcy;wjh;704
4va;twc;kuu;506;t3b;rp4;tgg;266;s99;mmz;h97;927
fsv;eeu;pwy;583;npp;sz3;zga;392;j0q;ulh;4v1;999
0v0;r0d;gjo;667;jrg;pw7;i3g;339;x6j;a54;oup;750
xuk;hac;kay;912;k00;7x2;1mo;407;wp4;6hw;ak2;047
0jy;6yr;fyq;292;l32;0c4;1er;946;ue0;eh7;efv;382
ekj;oap;p0r;656;gku;xr9;2ce;661;z12;puq;6aa;087
n6o;uca;tkb;911;703;6k4;547;256;q30;gbq;8x5;434
4n5;uak;eao;274;mea;rz6;uzb;875;xbb;79f;pc9;636
xu4;4qm;dl1;529;ghd;icg;tb8;521;5hd;0p2;jh4;196
m6b;99a;sr0;186;35d;tab;d46;465;8zl;ik6;3mj;517
e7q;zxg;2tb;709;x8f;rxw;425;753;zxd;a2o;qpk;323
fb9;pkx;f8d;130;q8o;5ic;ufj;435;st2;suj;73u;482
6b4;bhk;jb4;029;2xx;kg9;1il;941;vxq;jov;60e;360
rsp;syc;o3b;099;ogc;8zi;7gq;180;ano;xs3;joi;063
ivj;y4u;64v;620;nm9;7gh;c53;614;ry0;iuq;t25;762
tva;xrr;cjh;959;u24;u5f;lrr;469;jdw;0xv;82d;817
y05;9xf;495;372;tb6;xgi;gzu;318;804;mq1;twl;867
xr1;ggx;srq;295;n8c;c3v;887;316;jyn;a1l;xg6;564
8p7;f6c;k09;342;dwd;8n6;61m;192;j8m;9g5;8gg;315
ekf;80z;7wz;197;suc;x9b;7jk;275;e39;5pu;xn1;388
4z3;3nu;169;702;ekd;0xa;fxz;501;6e3;tvp;or4;843
bfn;mr4;znx;678;gfr;vak;p5k;170;7ah;gx4;l8v;297
ajq;9ll;a2n;138;0ty;of0;fk8;137;ivb;76y;bz7;742
oic;g4c;h8t;173;ife;xx0;o5l;711;bcw;mmg;5eo;724
zbo;d2z;4kr;462;x9q;77q;x0y;526;gyh;lsn;wd3;357
fkl;cqv;3p7;213;3ha;142;4hu;621;lvz;ztk;6n8;716
0an;vq5;9we;093;kow;wtg;0od;955;pil;2xx;6ev;208
tyq;i2f;vuf;333;7sr;8we;zyz;218;7zk;d8n;5py;014
e2o;ikz;dm9;614;os1;a1s;p0i;466;h9m;jfw;deh;745
vmn;whq;0a9;774;gu2;bug;yij;454;boo;kwh;6ge;354
16n;qjj;vzg;175;pjy;qkx;yuj;556;d7w;1nh;ll3;660
3pz;qx7;z09;944;w8a;xw6;kbm;932;2b7;tph;61b;955
w2e;5vn;8qm;684;a70;htt;i8f;025;lmg;knx;v3e;672
v0w;xha;f8z;106;2zv;hx0;z2n;717;uwl;w2s;sby;868
bqd;ff5;omn;864;85u;d5m;1ir;074;8ry;og0;jvy;152
4tr;aua;a1p;767;um3;a29;qpr;268;eft;8sz;62k;883
kyq;zcc;kk2;862;ygk;ks0;nhi;787;bbq;epl;lhd;863
31u;ok4;dpm;577;m2v;s7u;8ek;600;ej4;0v4;xwv;632
7hi;v8q;rvx;550;xlh;xm2;5iz;071;7uk;9k6;9je;759
sxg;pup;epp;802;s5c;xd2;qsl;894;2s2;rxx;hhy;313
s1o;s9v;5m0;794;n3q;p63;osf;627;nwi;s2o;sn3;988
5un;l5n;8p6;468;db3;j1i;xvn;541;tp7;rid;lpq;313
jes;o7u;7qp;140;9mt;3p1;tax;390;tpm;xng;sjg;779
zjw;6yl;fv6;781;fhu;ee0;1kg;345;k4f;d6n;vwk;322
yac;gmd;an9;785;3zo;buz;0is;301;urw;zkd;qrk;114
qy4;kna;ny4;668;8u4;nry;jz4;050;4e9;i8j;mm2;149
ka9;x0w;mao;147;c81;mj7;pv6;130;8js;f1r;po5;106
stk;haa;7s6;689;ujd;rwq;cka;445;sag;9br;9l5;943
4of;w8i;jfy;879;fc5;jly;67x;430;4lv;0ip;jz5;861
b4f;1m1;ytw;069;7h9;5ub;ite;574;g0o;thu;ljg;676
txm;p2o;xf0;578;4jz;1hx;73u;483;0c5;3h3;w8y;102
cgy;5hy;dmc;316;nrm;0vv;5fv;399;dpq;vm6;9hu;026
2ns;jow;fsg;909;1by;5jf;0vs;634;yaf;fhz;glc;451
sl1;zgx;ex7;035;otj;gh9;3ph;685;qeh;zxi;05s;634
izc;p8p;ge0;050;a8m;a8a;q4d;964;u80;wpq;qvr;140
g46;h0y;w4g;211;r8z;qxo;pmk;480;zlm;iwi;41c;424
4dz;rpk;df2;140;78w;0m6;lzf;190;mcv;2jq;41h;532
vy0;wai;i4m;057;jjr;nod;499;691;9y4;3ig;kkw;916
hsx;oki;avz;296;ufd;p4a;p2a;702;juq;k7f;dxz;532
yt2;z3c;cy8;526;1hv;1yi;w3z;661;gi6;o4b;pmq;216
7nm;f2o;jk7;351;3ug;omo;e3a;738;qy6;d5s;1pw;292
t5n;qyv;tk5;465;d3h;46g;pv5;084;68h;805;uma;998
fep;dp6;kos;134;y44;ug1;78c;000;ava;8k0;iq1;066
vbb;1v3;jeg;753;ok4;2t9;4lv;488;k91;gis;36f;580
4y6;79t;okc;680;dwz;d1t;plb;274;i1v;pvs;z89;341
jlz;d5w;576;283;ijl;hnd;j4m;219;fjk;7xn;29j;893
zjx;w4l;uxl;699;sd7;8w5;jd6;390;99y;a73;06t;421
tvv;0if;h80;380;b9q;1yw;m47;077;pdb;o06;q85;205
5u6;t82;sem;712;cz9;c4c;j6u;145;jex;wxf;8co;898
e00;k38;ftw;979;lwy;5f1;ca5;197;na6;hjs;v97;068
q0n;2ud;6pe;756;lnh;ep5;57x;223;vaj;xcb;q1k;278
t8p;zuq;ev7;303;ivp;2oc;nu4;496;8w7;20c;zkl;695
swd;h6i;f0k;792;zzx;l51;qni;949;gix;hxd;e8p;493
20l;awi;wq3;026;9xs;e6f;9qw;064;mo2;6nn;cqr;699
1pz;dx0;dnc;230;2so;p1p;lxe;632;jfx;ybq;fma;119
epy;lct;mga;911;jgp;eay;1jz;794;28d;mhn;erl;329
7tf;ek0;7hj;019;nz9;wyh;i00;293;68n;kj4;hi8;654
t3j;al2;r04;460;lt8;n0u;xsj;776;v8l;0xm;qe5;990
1es;42w;796;348;ajw;m18;wz7;045;lk3;hlu;nb4;795
jyf;ay7;mnk;111;u4u;svd;92w;353;8th;vir;x91;919
4ss;m1l;7dz;997;za2;2fl;ila;320;ltb;ant;zd4;117
xzk;fge;90q;057;xn8;opx;btx;821;7bj;l8k;55x;357
0y0;c9j;xkp;757;183;enm;9yv;869;9jm;p64;htm;207
gfl;7un;3pt;085;tmd;qez;8bx;111;f7k;anl;t8y;215
pwp;67x;e2m;692;0vy;hbj;h4g;670;w4k;obz;och;860
wgc;3ti;6w1;374;3mp;nq5;bmg;338;s0e;yyl;3y9;476
bm2;e5g;xtv;089;636;fnb;wm3;337;qvf;sbm;ub5;798
31d;5ry;b77;918;gnb;rzr;0d3;233;14h;7li;eg4;876
oy2;vlh;z42;561;afx;6au;2fb;169;xvq;9nu;k4j;124
005;tck;4r4;634;1aw;lmy;01l;568;pte;se1;1fq;147
586;0ip;grv;357;sos;8po;3i7;457;17t;1kd;o1l;165
p1p;0w2;vm1;654;4my;7g9;p0t;544;6en;34v;zum;211
s6z;0wd;n7z;642;2bo;237;f04;086;gid;2na;ejs;984
1pn;hsr;cti;875;6mk;3l9;x3x;584;mfj;y8o;iys;621
aw6;mhy;m8e;327;2dk;5cp;yna;599;h6g;shg;ssy;175
wft;6aj;t3z;757;b5x;urh;bm3;052;uhs;9uj;qbu;750
pyy;2w7;3fu;155;ktx;9ob;dbh;273;54p;arc;07n;741
9ax;6w8;h9k;663;87c;abe;jzd;377;7ay;zmg;yd2;638
we8;jyy;kn4;418;0qd;f63;alj;184;ipp;ot1;0vo;755
1i2;i5f;5na;712;op6;t52;irz;366;bun;a6w;d0g;617
ehk;a91;9ln;297;t2c;dyl;cbi;471;mip;pof;i4b;383
tll;re1;vf7;812;hwd;avu;cwp;463;kd6;wzo;7yw;605
qfp;aw4;fzy;073;jhu;y7q;8wj;066;utc;k64;khz;389
ink;qtp;2jf;254;gpl;445;3f9;373;fns;5wd;eza;864
qzq;apz;ly3;064;mbt;7qn;yk2;908;xbc;c8y;6rf;803
kk9;uwl;wd2;686;oze;hy3;kos;913;g89;ld9;z11;548
vtu;3vd;eqa;672;lc3;1m9;gfs;356;6gg;mqa;p37;254
h7l;vdy;8hm;930;jae;odn;c32;899;95m;7c4;abm;426
1jz;1u2;jh7;796;gcl;51o;zkq;274;syo;e37;lze;470
cvs;wcp;a5p;666;7p8;71c;nta;797;jma;suq;yrp;634
kof;lde;mbz;509;1i3;aqw;4jv;435;35f;mpq;od9;319
hr0;6c8;ac3;163;6ku;yt0;q56;935;npp;iww;7se;182
9r8;tn0;qu6;994;26m;pfq;bb7;898;dbh;cic;vba;193
1t7;b7p;2le;173;ctv;23o;qkl;625;4vv;thj;7j3;301
ysh;k8p;o4g;710;tiu;vhu;qla;207;226;v10;y8h;036
9h2;3dc;nio;801;nzd;mdm;50h;905;r3i;80w;k3k;730
wjt;43v;xka;985;7l1;ruc;is5;224;8hs;ymq;czl;850
ouc;812;sy6;456;b6j;tbl;82v;220;idk;wh7;8ye;210
vkk;irr;h3v;067;s2p;5b8;gb7;403;t30;480;wvf;073
7b6;etb;3n1;727;ccb;79f;rrl;570;lhx;u6f;rrl;841
cfl;vyw;l6k;885;u2h;qxx;yb0;357;cz0;hph;jbu;960
7mh;6nh;19o;366;wpl;r0w;5fw;604;93i;q7v;ppk;990
l0m;b9h;ugr;482;3k0;nwt;s4n;078;vjj;g49;xo0;809
fvj;ymu;9r6;479;9ee;car;ce2;902;m10;965;h51;303
a6y;v2j;von;302;nv7;j7k;xr9;742;nn2;obm;e67;304
rg4;dbl;iv8;065;70z;0ny;6t6;915;95e;qd2;2m0;192
ylg;2ah;til;250;w86;l2r;2cf;475;pl2;zej;g5m;570
lu0;dt7;n4n;940;bae;oxh;lwi;941;dw4;175;ale;490
467;383;54x;688;ug0;0ux;k6t;061;5y2;ke6;afo;291
uda;4ff;2wl;908;a6e;v7l;r0u;682;l0y;0ai;83t;506
4qh;wz2;zfu;252;jbp;b0y;ov3;178;7nf;gy9;yni;784
ywl;fg6;zn8;345;cn9;l9e;kk7;031;z9p;z0p;hq1;968
7mi;pr8;x6c;590;u3j;1op;nyd;941;a9m;lp4;2c2;475
c0n;yrv;zbg;281;czw;luu;4jj;431;mov;n67;yb0;332
ijj;sk8;qt1;572;kh7;u71;7fn;283;tw1;i97;fj1;237
4o5;zr6;1kt;308;msq;x6w;4fv;575;2sh;npn;qeb;599
3va;ecd;v65;737;fru;8or;rkp;506;j22;o4y;qck;159
j0o;ony;1gi;632;u3s;ch4;qdp;861;o7l;i43;340;782
jpr;tf5;t4s;206;nqf;97g;wx8;086;qcj;vqg;thd;451
bqe;hr6;og7;361;xan;dqr;9vj;408;4ml;28y;2xb;690
am6;4op;457;845;84o;2yl;187;335;lmr;t5u;wko;569
vzr;oxp;scg;717;43i;l9r;60z;516;thm;w4w;4lb;674
woo;kkz;7ex;247;7f5;jwk;brf;791;pnr;qkh;803;896
c9o;5da;vcp;627;ff2;su4;b3s;644;tbx;o5z;9f9;601
wzb;6f9;w4y;833;9w4;2uc;bp8;868;qe2;r0u;eit;877
b4h;r2m;0f1;826;qt9;97v;w03;643;h8e;saa;0q5;729
e7s;1qe;c4j;454;um0;5i8;b7i;622;nc5;e4y;piv;696
up0;mp9;snz;817;79c;5bk;9pi;919;3em;ndf;thc;811
7mi;8wx;ue1;832;be7;gus;cii;732;s0h;ox4;hh8;657
4ig;jyc;01c;872;4oy;a30;bdc;219;y29;9jy;xp1;790
juq;grp;apl;962;htl;ay2;59q;148;o0r;1mv;wn4;494
uyo;yii;90g;359;r8f;hvf;xnb;338;nyp;imi;aax;254
8lq;40e;c7v;492;qij;55w;cbw;472;dxq;vpf;lv4;962
czu;rz7;v2y;412;2hz;tx6;yef;226;i4y;0o1;8do;420
g3j;th5;nzs;332;8c0;a98;ctm;122;qck;kjz;3pt;292
jfm;xl4;3gv;950;yse;omw;yg1;195;ypv;pe8;jc7;775
q6w;3ts;xmf;830;b03;0xs;fjm;912;ybe;rv8;a3g;789
3ix;pzm;fek;739;7tn;n2e;2gj;007;epg;wbc;8iz;822
c72;ana;kzt;782;egx;cuv;ikc;489;ozc;p8w;hoi;991
hsw;vxc;l17;210;8dt;3zs;xj5;349;w6d;evd;jy4;195
7q2;ebh;s4c;951;hwb;vut;v8u;132;isl;e3i;xyw;648
icj;5xy;44e;148;vk4;kf0;j33;277;e7x;aws;fwr;233
w2o;wy0;oqk;382;nk7;9a9;0pm;639;n0j;ay8;t5g;729
6ya;kma;tke;120;7fx;2j0;rtt;641;zeg;1ce;hd4;062
obp;rz2;4qm;142;gmh;fvz;xhw;784;erj;yzj;euo;358
h6k;vlz;62s;491;sli;y1t;2ek;886;ml7;8b9;j9e;556
psv;oz6;p4y;516;dz7;zwp;sfe;487;52w;wx6;w9q;709
le7;7cx;tw4;144;sdq;rx7;fqp;176;6pm;vfw;qxr;570
nh7;cqv;ajt;812;y87;s06;fph;816;x5g;oex;t88;797
iuc;flz;m4k;040;xh4;3g6;0x9;901;ley;b2x;c66;507
ph0;uet;taz;032;2qo;xg9;j7m;881;u1g;i5x;8y1;359
ql8;3lc;3f7;055;yew;9kt;w9v;301;beq;fh9;1sx;579
xvj;zl9;29i;001;v80;pf3;wdz;733;k5g;ztt;lwv;126
gif;93i;b9m;237;j3s;fy2;xof;942;n9c;ogv;dwc;023
0wc;syt;dvx;294;81v;kva;dqr;019;tjs;97l;rka;589
egb;qgl;s0q;715;7k7;t3g;8ml;102;goe;9rr;x85;876
5z3;nmr;1kq;956;jds;1mu;mby;584;i51;6cb;7dl;708
k7v;xxv;dp8;941;emi;bbf;44t;962;d5t;xqq;hx7;556
lyz;nfy;gak;466;iqu;rbw;wkq;146;3nm;akc;zvf;376
lej;mge;nrx;355;thx;z04;lu3;469;3re;ycp;rzc;522
41x;gi5;9x5;595;qtu;60z;xyu;080;ntx;ak7;0dw;902
tiv;8mp;v37;028;q56;h6d;tfg;143;j47;73z;ung;566
j53;for;26x;761;8nh;0e6;1mh;733;w0o;be1;aer;980
rxe;9po;x2j;307;m6n;x2e;615;057;ar2;kkn;a31;081
qmn;iu4;39q;813;nax;6xm;olh;667;yjp;x5o;fm6;473
6ld;7k4;rcd;773;2zn;1gh;4ee;978;73z;o8v;1yr;359
qjs;4tk;pre;586;0gu;6np;7hu;504;44l;hce;v00;999
t75;vi6;hti;558;jka;10t;9jw;017;irp;f8z;f17;636
z4q;3xs;eg0;466;3dd;z3h;046;367;q4x;coj;rzj;547
but;f8w;sj0;713;5qk;22j;hit;980;pes;tv4;xs2;265
ujc;lgh;jqz;305;wyi;rkv;f04;619;u2l;qq7;8jb;160
pla;q3e;bob;781;2v5;7nb;bys;470;qmm;9xp;i1y;789
yfw;7if;ivq;337;v9g;yns;5ws;562;c6d;ac5;jo7;741
vpk;snj;7cp;843;yyc;8pw;hjl;689;cj7;mgo;lva;774
f5d;kpg;phr;336;w15;nuk;lt1;159;yv9;10z;og1;999
6xv;8qg;na9;098;ft2;86x;y03;577;jnw;1gb;dzw;115
18p;d83;s50;343;2sq;mqq;1l3;616;wv5;tm0;wyt;960
hf2;znl;1ch;974;eft;f3f;tm1;430;w8i;mra;295;613
wfa;26w;qhc;898;ied;qm3;uaf;311;o4y;yx5;rbg;554
dol;s83;s0b;031;fa9;nsm;0cd;274;df0;7mp;1ca;839
c7v;pvq;syl;448;wyp;xjk;j2x;875;h80;7k3;tru;985
bb6;4mo;b83;040;u2q;9vd;wbk;259;usf;1b2;tro;424
9s5;31g;436;057;yog;lf9;djl;926;4ci;jfi;ap8;443
r43;oeo;9x3;429;7wo;uyq;7b1;021;ia0;h1d;kqm;627
udq;lkk;auf;076;9i3;rm0;5bm;081;kr2;asv;6gv;085
ohq;fx2;9wa;704;60m;qql;dsa;293;vq1;4vi;7br;608
q6g;vgc;hjo;285;w3k;tkd;26h;739;bpg;qyo;ou2;519
l5a;phl;oy3;557;fzg;piy;khz;661;m0u;rww;hbv;072
il8;yri;y75;355;ij8;1lr;ee6;551;iex;e5s;dn6;170
2tk;8e0;hq1;538;wa9;an1;yzo;325;o4i;83b;wxd;996
ird;twe;0re;211;eue;3rf;4ad;744;9rp;xcd;u0g;106
nok;epi;ad9;171;0qp;7oy;1mq;410;bnz;rb9;988;630
zu4;k7c;vbd;456;hyk;z9k;3x3;230;6sd;r9y;sjc;176
7vf;dy4;alh;954;s6o;v9r;aq9;456;i8l;hiv;dgh;002
31r;vw7;vlv;167;2cw;4nf;gbk;994;yai;vqx;r62;600
ixd;z3f;old;784;zc8;c3q;0fl;230;f3p;kem;rek;080
37z;ol8;521;401;c1y;a2j;905;654;9je;4n3;9mf;454
h1n;lnx;4mb;394;6gn;cpe;4e7;628;5x8;huw;10s;519
90t;b7f;xup;193;fxl;wle;2tp;950;qvb;bq7;dvw;579
s2j;oe5;ple;552;6n6;f6r;mw7;408;oc6;u31;4u2;180
4j0;qkv;fc7;420;1zo;0lv;p0m;269;bq6;tvx;bpb;510
5hz;2nk;z6t;939;g4h;ley;ypo;024;03w;bw5;ej1;816
s6d;pim;252;797;693;wsg;71s;271;mo2;e66;vcf;802
nk0;e3p;cy2;453;vkj;7bg;eql;835;g8e;qz8;2qb;981
vv6;ohp;6x8;804;2k1;dxl;z1k;935;bva;7y9;a02;483
wrb;02q;dlr;002;mwf;pwt;531;443;hts;r54;yh5;507
dgu;ce7;58l;119;dpc;r68;jy3;120;okl;6ux;ev5;649
shh;oyl;n28;343;w2e;re7;s38;285;uff;uwh;ne0;632
x2l;lic;jhr;023;qse;x57;jr6;497;aol;ng7;6ni;014
yqt;u3k;mmr;097;r8g;4wi;lgi;451;aqp;pjz;pfn;692
qml;zhf;j0y;824;izb;12d;hp7;018;dhf;2oj;bg9;380
fwm;157;jeb;017;f7p;56j;7ol;816;4k0;i5h;wfc;075
rak;hnq;4jl;954;sg3;648;ci3;206;rcq;mlf;ydh;163
9ni;lnt;zc2;852;67z;wj4;0s9;858;bgl;4qn;ywd;100
tcu;9fk;xzr;717;85n;wq5;8qw;908;i06;k7y;g8p;217
vpu;18n;0dx;094;164;by8;3u6;821;7te;anb;h8y;679
zho;ryk;a35;176;tu7;jvv;rr3;538;kuc;3oa;ygg;396
2ue;876;yfd;416;x8a;v63;qwt;399;s1y;4gz;gbq;497
bln;klb;wpg;259;cdu;gje;7dq;264;39w;h4b;yda;479
yfc;mz2;t54;676;hbc;zts;qtl;241;8a8;6sm;42o;914
ttb;dyl;v2l;880;dd9;v2r;9hu;555;slt;myu;pk4;621
6o0;y6j;zls;738;04j;qel;kkx;545;9j0;cu6;p7i;933
ttp;c17;7z5;218;ll8;qfw;ery;593;l60;rbc;iag;325
2v0;o5y;ldx;420;1bk;jcs;ihb;972;iul;ytu;wvw;602
y8u;9ed;dkh;367;ykp;whd;ncm;989;bgg;i4x;dr4;626
b8n;zt8;fa1;383;m4v;d75;2r3;010;4z3;ukw;8t9;903
odn;w5m;d5b;353;tev;bmb;nt7;490;lw1;vq2;qly;777
hq8;9um;hcq;670;3ww;0hy;ddh;900;0de;qa2;ko1;050
5sw;b3q;sih;207;hs2;335;4a2;717;9de;bcw;w64;413
jhl;7ht;md3;613;365;o3r;r2i;664;4ec;rtg;x6q;153
kpx;eb7;mni;245;xjx;g9s;elu;929;bp8;g6l;p63;092
9ii;oz5;dlu;621;q9b;7k3;tnh;357;8n5;5z5;6pm;172
pn8;lmm;90h;596;fiy;l18;4b8;947;th3;emc;b84;366
x2i;tnd;n69;579;wn5;6ns;fkq;106;0ip;cri;en5;975
ws3;urj;w4w;645;ak3;idb;b95;603;1q4;r2h;n7x;229
x3s;ip7;wa8;108;7hn;7b3;hyi;905;oui;5gt;oh0;524
b6t;8nf;3iv;455;pc9;m31;5ml;484;fwx;7ml;gjf;683
bv9;nt0;2ux;877;t1z;r0s;me6;334;qp7;iy7;yx5;356
77r;7ur;bw5;463;bvh;y81;709;793;wb7;wyo;kdt;809
r9w;ha4;49l;341;99r;hnr;pvg;170;5i0;zp1;9h0;042
ttk;dun;xuc;019;h3y;ehb;shr;512;7tw;1kb;d18;208
2up;uhy;f49;660;e79;wwc;4ok;752;kr6;4dt;qvk;971
z74;6eo;ytu;048;6ko;c0w;urc;693;02b;lp7;6i2;973
zb3;gua;pbe;161;dj8;393;c0z;486;ate;rud;fo3;205
w3r;8xo;40f;454;iq3;gts;6tr;857;jfi;ncs;9hk;122
nsm;4sx;dca;150;3kg;lft;s8l;794;csb;84g;e6p;224
hkw;i6u;fw3;918;nzy;o5p;m1q;038;3de;82p;oja;639
hyr;a35;epv;030;b3e;rpw;wup;760;lrp;4c7;1z4;184
yq0;egw;3wk;535;6hh;22a;4ni;860;9aq;zs7;lem;091
nhi;kl1;xec;506;p33;caf;wxu;078;c86;9gb;leh;104
dky;tlh;8ez;162;m6n;z3g;3ur;411;brs;q0u;wru;336
r6b;b1l;tse;743;b7z;kmx;j3j;945;jqw;wjx;s5n;822
b8l;l63;oaf;959;vxb;sea;icu;865;bog;7zh;fw5;263
v5v;w06;ntl;852;3w3;qh9;h97;612;8cw;c8c;l8w;434
q1w;g8j;cyh;154;cy4;cf1;n0b;944;6xq;y87;ue3;618
6fg;12g;cky;298;3gb;s9g;ica;558;ify;t5g;wr5;465
h3e;7as;fvo;056;fxo;74x;sbz;082;8st;ykq;70s;792
1ea;zr6;em9;251;8n2;ce2;v00;587;8ld;97o;rx3;265
jjw;uq4;9k0;092;876;41h;u4c;210;9gp;ho6;3y6;457
y7f;zcs;104;416;smz;2p0;0gd;678;n6m;xdg;hmv;713
t63;70i;7qs;059;e4s;kyn;s1h;042;5wt;npj;vgr;448
mhn;5sl;4br;022;rxw;g7z;jwi;092;8qw;mz7;q4v;204
l8q;lk0;br6;353;wlt;oog;ocu;345;fq4;002;lu7;523
9ee;9yx;h03;854;2af;2k7;a5v;879;8yr;ljc;8j5;527
6je;lnx;5j8;295;rr0;8p4;1hl;954;8ph;gmq;w6o;929
bdb;8po;2f4;986;x5m;vuf;fne;666;m0q;blg;imt;233
n9y;j44;hps;897;ueg;c5w;1gk;131;j7l;emw;xry;272
qef;hw0;5x1;508;dsr;ds8;6ra;218;e3b;zc1;50j;316
dmb;jqw;iq9;240;w1s;ll7;ffx;627;a2e;5ls;0sk;855
a4q;3pg;vbi;160;j0l;ygj;ig4;683;sdt;oeg;9dw;851
8lv;ytl;1v9;100;9yu;2z3;r4u;458;t3a;7lb;iyd;989
k9a;8lu;w43;705;s5k;v6c;87x;436;l84;lk6;e5w;405
t21;52l;0z6;046;bn7;gzf;swp;413;m6j;iwk;k3k;775
c2i;ime;nwo;360;edj;6df;sn6;377;pfs;1er;x74;590
eac;8rr;5mo;856;4xq;pgn;ntv;414;z6w;2fi;94z;251
cdg;hj7;pm3;605;i3n;6xk;j89;032;m1l;5jo;99h;217
pp0;zwh;m25;821;r4n;1dj;jco;972;9qy;opp;66n;025
n4k;mok;um2;880;7py;54x;7kc;130;33c;edz;e1k;358
uco;ehf;04t;336;6k3;u2j;l2x;769;sw4;7e6;uxq;146
2ot;mvm;cfy;611;yto;kyu;fii;653;8nh;c5h;gvi;474
3hg;k4f;b11;211;nz8;djr;9zy;369;6rx;h2v;836;331
u3r;iqv;a42;167;8ar;cyj;2fc;715;z7f;fdn;4g2;229
899;2t0;jre;358;jw3;68e;c8d;828;lj3;ioz;fkb;002
mrh;q48;rcq;092;380;s1i;2jh;636;vgl;owj;0zc;234
0b6;tkz;zph;312;n6d;5nk;347;016;qh9;eoj;fxv;267
ywc;ynd;far;453;cub;nu4;n42;090;xxh;m7a;9xs;107
7s6;9ib;t6e;344;8im;rva;08k;103;szs;svd;lo6;849
iy3;wm2;356;494;2kj;p89;p8j;753;rhi;x0e;235;447
z73;r9t;rot;434;akc;u2t;ins;980;8yp;19b;b03;506
xq0;912;b3h;097;4r9;osf;p2r;303;503;u81;ytn;124
yhf;ytm;i2y;795;o52;yfg;v5e;701;txh;f2u;q7w;225
ut0;wt5;ux9;954;4ai;og2;5ot;657;j8f;90e;wlv;362
hks;8if;zpq;240;cih;d09;499;814;kq8;nxt;gn4;313
o7d;2nd;r20;648;6k1;qf2;qbr;450;r19;t8u;0cq;356
sf0;xb7;rtl;004;dlg;u85;k0j;590;92q;f2u;cfu;624
5ef;gty;ebr;131;yo7;la4;eh0;297;nnx;zzf;r7r;708
d40;qn9;h4g;053;g5e;gko;cmk;193;9zz;0yi;7lg;662
ekd;fwt;fmu;171;z9e;czr;zf3;376;cr4;4n1;ygn;242
s44;s3s;xps;162;2fr;ak5;i5a;235;grn;efg;czj;991
3bi;hch;5xi;461;7d4;34j;72a;921;gp9;81y;wr7;920
bh8;vvp;a7v;546;683;v25;ji2;368;lp3;1kd;krk;902
gvf;6cg;6jb;876;slv;7yg;343;594;w3d;a42;tu6;006
cqm;psl;alx;151;la6;akx;lln;779;skt;ofm;d10;984
8o6;enb;omv;376;bgc;jai;6a9;374;fpc;tp5;4bk;165
xln;uk1;ear;317;pf9;szk;jtj;937;q9s;duh;7d6;838
jai;9fj;s4x;153;wp7;b8m;q0c;916;blh;0q3;koo;183
xz4;g88;l7o;820;23b;uaj;332;837;t0l;8yg;aj0;610
62r;zba;e0r;932;zhy;23t;k58;235;9o7;xtj;rla;773
dwn;j0u;yyb;526;zdi;7hq;jtu;400;8r1;k6g;i94;820
g6r;bos;f5e;451;c2m;jtc;d8j;078;4eq;78y;8g3;443
svm;91u;dpz;735;8sr;lh4;n0c;177;kn0;h4b;85a;710
dov;7iy;5rr;853;9cu;qk6;xl9;059;y49;3aj;ys5;707
xmf;v2y;yhf;483;c3r;sgu;21m;207;x3c;z8d;kej;936
gxc;f44;s33;788;sg8;bsf;qd5;808;nkg;ink;402;517
e9k;sd3;gyb;689;9zr;r8h;hfx;251;s89;28t;qty;127
qjm;u9p;rg8;856;ptp;7sr;v0t;197;uad;plt;4j0;836
jlq;7sn;8jm;856;lmg;8ep;pns;599;uau;gu2;jd3;503
bme;y7w;nm9;536;hw0;kjr;7i1;632;6sj;0aj;drt;056
erx;zsb;4tk;140;8gk;rlb;xg3;584;l6x;14l;g5o;873
s3m;1ch;s0c;565;dt8;w6g;t2l;222;c18;y8j;1s7;254
g5t;95f;jf6;864;ocl;lu7;3cl;088;p7p;uwj;7nm;659
3gj;1by;fz7;431;8hy;qrq;cd6;543;9c6;ir9;osg;965
c9r;abt;ca9;553;fmg;e84;ngp;036;eun;ql3;19s;905
9xk;rd2;iud;696;xc3;st3;14a;210;0dv;klb;w0y;563
sh6;m87;b7c;946;or3;l4j;8pr;126;nw1;rtj;bo5;983
916;sx9;jnv;448;taa;u57;usw;805;i1s;b1l;rbb;271
ylt;6pq;sca;051;f37;mmj;lu9;352;pew;vtb;ltt;906
qa8;86p;5y9;072;jqx;q0d;t15;756;gor;2dh;llu;127
4jb;sje;tra;660;sxg;92w;o0j;313;bhj;m68;8bi;278
i9i;n2k;1th;171;uny;gh8;s68;136;gfn;ugk;53o;726
dxu;g6t;5f8;054;ww7;9nw;05v;577;fwf;ff3;o95;447
82f;1vj;gjn;808;kuk;3w0;0sy;878;dqy;met;k3u;355
go8;9qe;c2v;280;7ry;shr;eow;034;q4x;oa8;uzf;835
vg3;ic6;jx0;563;i6u;umr;tqo;168;gar;wrv;mn5;543
fze;rbt;eg9;363;qls;f6l;dod;125;cvt;2zl;ypn;364
x0k;aia;n2q;377;8le;8o5;2e7;867;cxj;69i;vhp;651
3on;ix8;3o7;905;l9h;uhx;w7r;859;gtc;79a;jzh;676
sff;1fs;nfq;513;ab4;l11;3vn;607;zga;rup;518;753
wes;6ft;k4y;539;23m;kqr;3wu;507;ntd;ui9;r5d;093
ltv;l2p;9pj;471;prk;10j;nxm;425;fl3;ynw;ph2;416
ukj;9vs;7nm;495;644;7z7;89w;942;4x4;7f8;49r;642
vwd;xt0;3zb;810;him;5t0;c6r;385;nlr;i31;fjz;090
qqc;ojz;tqq;211;u2m;r7e;ajz;902;7q2;9iu;hzx;077
o4u;upu;5f1;227;flv;klq;ek2;556;l3c;6a1;7eu;850
gmo;myc;5l1;293;id1;umc;85m;194;amk;38i;4no;878
i7w;uu3;bww;683;6qf;wrd;j7m;957;w8t;ko4;bdu;581
pux;fez;ghe;242;i76;ya4;ph8;115;xos;271;0t8;505
g8n;gd0;u51;543;93b;zwv;2gy;193;mkn;hlk;0wa;307
awz;i6l;k0x;143;3c3;clc;d3m;550;iyp;it1;gdx;978
7w2;z7i;eqj;835;6v9;yvf;ppa;873;87n;vks;xwu;864
8fz;w41;uqz;569;944;zj4;ngi;067;j3n;0jz;wyu;981
256;pp9;juy;850;afh;wh9;ne9;892;8lz;sv2;uyx;148
1ro;bji;93y;351;6dp;48c;a8s;222;tn2;qxc;ija;687
9ui;a5y;f57;441;tcg;pcw;xwi;699;pky;ez5;ed3;528
4cp;040;kv8;836;xpm;884;iiz;476;sur;ouz;dtp;263
ppk;gad;el5;033;f29;0oj;44t;204;77x;o26;8cm;481
ute;k0s;xlk;906;58r;vtu;5ek;803;5us;erc;j4w;506
254;v0l;1ql;403;23x;9h2;dny;627;6ts;dzm;xhy;250
kar;la2;6h6;546;s53;y4k;i2z;462;85h;x7q;qnd;631
e41;s1s;sm6;898;d6x;zeg;dsf;040;if2;cma;nla;367
ouq;xun;5kx;242;jtt;0xb;u9v;404;g61;7su;zyg;954
ixo;d67;0qz;815;kdb;g3r;5ud;969;2gr;vam;6ym;161
0jh;5a7;zq5;436;t07;gb3;zsi;408;zi3;wfw;jw9;832
myq;j8s;vwm;939;4xw;2my;zrd;273;xvb;57e;66h;683
aqb;gsi;eeh;500;yzb;e2i;q2n;943;f8r;zy4;usa;094
1bk;886;i3c;516;pnq;bn2;15g;604;9kj;qc1;qab;618
az1;wzz;egx;798;j23;068;1s5;508;5gn;ios;bvx;738
xjf;kw5;e5u;188;5aw;a8n;uk3;355;s29;l6t;44k;129
xzk;ogb;e8z;551;1lw;fka;lq5;991;v3y;9yi;flk;319
ahn;wyy;56z;858;bzg;1ar;mpq;014;vwj;wvn;ab7;276
f71;d11;t1h;882;jwz;x4g;37v;874;4p4;j0y;i5d;653
asa;o00;leg;538;3zq;x8a;pjo;200;h8d;d3b;qhz;995
4rl;2jt;4qy;610;xlg;nrb;gaw;643;w05;syl;4k7;404
olz;03e;2ax;706;8lm;u8i;zx1;576;ety;h0f;oym;387
m5u;jzz;vgy;050;7dk;6i5;mdy;001;pj8;gr4;wsf;216
2wy;96r;zdx;582;l2o;rgc;mhg;647;n8x;fqh;w7l;128
194;d9m;ofk;431;e5y;a4f;9nt;044;itq;3xf;dk0;494
rfd;orh;6zi;811;pkk;6hp;7g6;138;e7v;5m7;zg5;819
pdr;rhi;274;946;ybx;i2x;t1n;932;lga;64n;a17;190
9m9;4vn;ic4;484;ws0;oaq;wji;847;r84;zl0;jys;745
7hm;so7;moa;383;gub;f2o;9ry;253;6ta;gzr;c1p;768
w73;4uk;lu3;494;zk6;mar;mrg;829;642;ayu;qck;998
mkn;3ye;342;887;cg5;j7e;l72;285;y4j;816;1ip;912
bdj;lq0;xiy;717;z7k;isy;w9n;904;5vi;3vi;yu2;662
izy;r7a;ig7;690;mm1;bxj;kj0;071;21y;axo;ytx;399
8dt;30s;t8x;103;z7l;937;l38;444;uv1;gq9;3d5;561
e4n;b5h;nqt;106;lwz;ny7;pf1;038;dzo;jid;1c4;502
2yp;zov;g6t;722;dwc;u47;0vp;080;xpl;dih;zfa;978
qn7;68n;0ff;935;95q;lh8;unl;409;3n5;uad;wfc;956
98c;bmo;psv;193;0t1;7sd;600;933;02s;458;84g;651
m7p;pq8;3im;798;16l;d02;o32;472;oic;2wf;11t;640
n4x;cdn;6f5;425;ykv;9ti;sai;009;2pf;zz1;x4z;164
wul;tiw;nbt;061;kdo;6o1;49s;481;8mj;ktc;2tt;186
mu6;btc;y2c;314;9e2;k4l;v2z;101;aup;dty;w8b;863
zrf;zcw;v3z;053;9bc;4gx;jg7;240;vtu;7ns;ofk;643
b7x;gup;3zl;200;fy9;tcu;uqz;818;vfe;ix5;pp2;617
axu;627;ric;348;m4y;2b5;8ru;584;h3z;8ti;z6u;019
spr;g7m;t23;342;kms;i0l;xl4;562;3zd;gzi;o5m;484
5hl;snn;pwd;380;ai7;4j2;5xo;789;i16;dd0;ueg;549
d6g;b5q;0pf;638;m55;9f9;3a5;302;2ns;bec;5og;938
n8a;m73;tm8;645;z8q;j8m;100;887;03b;6kt;37r;403
1xj;vvg;72d;209;5xp;cmb;1su;503;4ea;mzx;b94;239
i0z;h6m;vvz;522;w2i;adk;6sm;644;z15;6ca;joj;001
6fa;nww;0t6;929;o85;qzw;jwm;348;75o;rue;xm5;021
c1h;rml;4h9;865;yh3;087;1ei;081;dza;be4;iuz;562
1f9;mvf;2mu;342;na9;cqm;re0;020;13n;ak5;st1;043
hhi;hi1;njv;801;cbt;hzw;vqt;890;gqo;s6u;oh9;285
klf;143;vft;024;u13;b12;evl;606;s7h;yp7;wsd;120
mja;k65;pzb;486;01y;vtu;98r;378;0tt;bxg;l1n;297
6as;tan;osu;093;2z9;6bk;lmh;611;ag2;yi8;fvf;511
by1;z19;cno;332;8ck;4yt;ocb;369;fua;u5s;wix;351
zyt;t4d;7jh;137;c91;2xx;599;344;ddt;ux8;513;418
mwz;exp;wc1;793;64x;8cw;5e7;489;xqc;xa2;z6m;662
nxx;216;1gb;889;llr;wyg;crv;350;6ak;par;s9g;066
ios;kr1;tc2;570;y9f;y74;vew;490;584;t43;epz;899
17s;i4e;kuf;391;frs;pvm;0pt;109;51h;zl4;r20;853
fvy;axk;yi8;281;kj4;ctd;0dh;776;mfq;ndv;egs;102
mpo;jvk;zxa;063;943;3jj;mc9;344;4vb;i2g;w1o;320
oj7;e9n;rtv;785;m08;sdq;1c7;055;2gy;jmd;c1o;606
0if;h82;fs6;993;8yk;0hw;vbw;147;v01;8m9;awi;871
nht;6gv;umz;550;lok;7n6;3qj;854;g64;umn;ntf;811
vdv;ip1;y5u;048;9f0;vj7;2ob;928;vl9;r5b;bbj;703
gbc;3gn;cug;679;dtk;xdv;ac2;870;13x;yxe;s7k;484
tdu;btw;lml;794;mlo;2kd;ziw;474;0l2;0kp;2jv;261
hqu;1ge;08a;202;37u;v9m;cua;673;cd9;2zb;e4x;494
0v8;7i1;n9o;905;fps;jka;tct;081;9gp;39s;gfs;322
vly;y22;500;006;itr;wjo;d9z;680;wf9;bqy;y5j;403
wc8;9hq;8s6;083;169;toq;cqt;018;l46;qha;gc5;179
526;iyp;l0w;379;0sm;d07;s8h;196;god;z7i;pxz;969
rox;s6u;3by;680;0m3;la2;x77;132;zgt;voi;vy1;572
psa;gzm;jni;131;dln;fdb;pdh;464;dt2;mvc;tba;337
0e4;hs1;jbz;889;g9k;4l7;ij1;051;jf7;33w;ibc;221
ilq;tbq;o73;921;cwp;nle;dh9;598;pkq;ety;3m8;504
de5;tj3;2aj;036;vxg;t9g;vbs;302;fir;lx9;6d8;556
z6i;zcu;i55;873;fbp;ko2;ji5;524;hy3;wmm;3bi;506
mp1;jsf;ebf;186;ig8;7jp;t8p;602;xgj;j4m;pys;516
si0;cl5;m3n;495;r8o;o5b;e4f;196;143;mbz;9tc;906
mzw;shh;0rw;121;qq3;1jg;f1i;460;wss;99b;uwb;996
ged;aos;f02;005;p8w;7ee;ir0;199;m7p;rur;mt8;769
mw1;oow;qlm;103;7d7;rjk;d7r;840;05e;fjk;lav;248
kug;nuz;01w;583;nqh;w6f;xkb;587;7or;fcf;pes;368
fbk;th5;6cr;634;p0p;4m6;ca7;632;cj5;3af;wnp;434
gp6;yd4;5vl;395;457;gcr;6i4;121;vx7;0mk;e8z;079
1h5;7i6;0yx;081;hd1;a8m;r8u;375;vef;pgy;l3c;495
hdy;6xk;p8q;492;73e;0lc;z3l;028;v1i;wo5;j85;685
zbs;yle;zgg;068;cu2;aiv;r8g;584;fob;kfr;1v5;254
8mo;qs8;jfw;527;9zj;ktk;1v0;139;77m;n0a;xp7;087
xd0;6ix;qhh;502;y6j;5px;tge;157;xwk;phe;phk;919
g2s;xrb;5ua;873;ng1;38h;ghb;877;t31;f5d;9jn;270
gd7;i8h;adg;368;dur;e12;9qa;994;x1a;1mm;ev3;527
jox;p5s;d80;383;gnk;vb1;kh6;036;szb;lzm;ysc;649
s25;gey;rss;872;ne0;aj6;ica;156;p3j;h1u;083;696
dky;7bd;7o4;506;0up;7dr;njs;969;38e;y9v;com;487
58g;nwr;q78;288;bzw;al3;xb6;029;lab;nxp;tb6;101
qjb;n9u;uom;077;opg;0r2;ow7;439;n6f;xq4;puy;501
4mt;tyq;eev;912;hh5;kcz;ro0;141;ab2;u20;0v9;426
xys;xy8;vdl;084;cuh;9i9;kd7;916;eso;kb2;gw9;342
2c9;612;64e;418;sky;04d;7ln;756;piu;ng3;5nu;212
uxq;n4m;rp1;989;0qv;fsx;vyh;872;8nt;trt;py0;040
tdq;9bp;jy7;269;5hp;b1o;81v;848;np9;nm9;ewz;767
yp5;1ry;87z;023;q6g;p6l;m8n;493;89g;fhd;9fg;715
e7m;wg3;b7m;569;71u;p8l;5nk;966;kfv;x4r;ux1;607
jcq;huw;k5h;703;s8v;hfp;cer;382;loa;8xi;c4m;795
p45;if9;4h3;221;6q2;vic;b2e;048;2ie;txv;3wd;963
mox;adh;knh;681;w2l;gd8;xw7;893;e68;pzg;ynk;111
oaj;mhx;cz8;229;jzd;zor;ln6;330;e9h;dz2;dwx;625
c38;884;zge;316;dv3;t2s;ppu;610;x1m;t0i;5ch;434
7kn;vdi;xbv;882;r5v;nzd;we7;456;dda;c0p;kzv;489
2dc;nj9;zfs;717;id9;ssg;86a;731;ir8;61l;gc1;655
shb;zhh;73e;800;fqv;xwe;6qi;940;g2a;hg7;nu9;001
9ol;twm;jb0;168;64i;ch2;ra3;469;51m;2a5;pnl;375
8cc;odg;brm;642;ium;f00;18z;860;0hx;ftf;2yh;853
66i;c91;lw6;064;n3y;10g;zgx;871;ghq;37u;2zw;255
pz3;iso;gkq;360;dsg;uv0;1q5;263;xai;ise;21w;943
g8g;exl;gx6;361;9ip;phn;1ja;729;cuv;d1v;kpx;285
oqk;f27;cym;590;jbx;t6n;074;204;kuf;co6;y3o;847
i5m;i8g;gjq;345;yxk;nug;529;639;o2i;ecc;m9v;826
thg;pi1;idk;950;oec;a8i;1qh;519;9ek;rq0;76k;396
koc;flf;d1w;172;gt7;ayt;8ga;217;13s;u1v;gi4;713
wc3;41s;f5f;121;5ov;kgr;a9w;991;n32;aig;yhe;030
18n;bcj;h9u;575;nzm;n3o;c70;466;2tq;4s2;1zx;239
al1;317;9s1;905;shk;8dn;mvk;323;68i;smn;bl7;725
s4k;ujq;t3z;666;qlf;gwz;1vm;647;0ml;2xx;ba4;873
kzl;v00;xrs;870;otp;war;kgq;147;wrf;1g0;164;946
kn5;0ba;plp;967;ei2;4d2;1re;173;i6h;ehy;80v;319
064;1jn;uss;089;2pc;53f;r66;447;rqe;qjq;n41;005
32h;dlq;8u0;840;e32;dek;0yo;518;9ls;fl4;qn5;211
7mv;3qs;0ja;145;71q;09k;j1p;596;agu;0za;57v;634
yrk;3jc;xaj;146;jdq;a3k;oy6;608;70i;xh7;n15;333
3km;24x;1yc;887;t99;hn4;q2y;175;128;z3e;akv;924
01w;17q;wbo;398;ksb;zuo;qcq;247;nkc;zwy;3w8;658
wy8;4jw;mii;194;rm9;7a9;wk6;482;qg2;nld;7iu;825
dtr;1d4;8fi;932;qpj;2re;wlk;862;dh8;6nf;6ka;520
swm;gss;k8q;965;mvn;hil;7yj;972;rfz;zum;km8;946
wsg;rsp;22y;388;1mf;1mu;nm3;832;mj7;a5d;zxp;787
4pm;rop;joi;609;7d1;0v1;8bf;406;kyb;v1i;1p1;679
jdx;k6q;vsg;370;p5b;s80;jf2;803;nsv;gwq;kw1;616
qsm;2ey;8br;572;4g9;67r;5at;626;8py;ubt;aqy;148
jhw;mg9;0t2;587;kdg;uo0;7y7;179;hji;bef;v94;972
66t;wbg;abw;141;gue;zbb;hmm;067;rgp;3kb;8ta;731
wpk;61c;7qk;976;bn9;sai;r4h;791;kpz;dkr;751;557
2mn;q8d;iss;676;q1k;s0v;3u7;338;is4;k1m;dx4;831
1a3;mu4;gjq;936;rzc;vpt;7ia;197;ck4;yok;gkc;247
f2j;udf;n47;841;hdv;gfi;lcp;184;g8o;0su;6eq;780
omc;kxy;usm;713;cle;k87;bwl;797;biy;etr;jdr;178
wvz;qmh;2tn;559;bmv;xil;lz8;498;rfd;390;xw3;741
7r1;kqh;wh1;330;9tz;e2p;k0y;602;0mu;emk;nyy;908
9wz;far;gwf;392;3a0;71u;bv2;463;ayg;dcx;xnj;904
5yk;4mj;nwb;286;cug;3yl;zeg;744;0h8;w55;jd2;708
g36;kdq;rwg;221;rxz;131;7xa;545;6v9;nt9;jpw;146
syl;t24;gyn;867;z8f;7mb;gr1;428;es1;5yi;8i8;934
4l5;n3w;3vt;841;9ow;zks;qkn;295;grk;e3f;olo;993
uza;3sq;wf8;312;bdi;w9f;sjz;758;52w;440;ldt;249
etf;tba;l1c;992;mfw;r2k;p0n;673;rxz;5n5;6p1;999
36b;wd7;wyy;171;lf7;ul6;x00;387;nj0;0vl;7qe;210
jzm;uxq;s6s;037;vsv;4lt;y16;498;x4i;z84;w7p;133
76p;o9i;3fa;723;41z;165;5k7;171;3wo;ip9;wf9;355
0qa;se9;6bc;240;780;dlc;5f0;345;6wp;pjb;9zm;988
wqw;oeq;qyi;109;9is;r2m;ygs;111;yfv;y4k;08a;964
noi;yo0;8ol;176;jjc;2kq;5x5;033;c0f;ob4;mvw;104
tj5;5ki;ldu;398;ytd;7v7;7r1;658;3gc;88s;26c;870
xil;hs2;i6c;729;kxd;dxk;jgk;296;gt8;44s;fbg;922
7j4;kiy;rz5;156;f1o;rny;50a;463;bjy;1zg;9lt;005
83n;b8m;8ho;140;egd;3zv;es7;158;9jw;a67;rs7;834
186;zez;mup;701;wol;ybr;cd6;241;p4f;kwt;w2z;035
hel;kc4;gny;413;gjl;tpr;18g;739;qp7;a0y;4up;514
yp3;ynu;gki;662;p4a;0x9;0bo;476;3tp;yjj;im2;379
2sc;t0x;wf1;728;5ge;0b7;j86;563;lnx;do3;pse;741
y80;jlf;g3n;668;zdz;n7r;65q;813;36q;vvo;1xi;480
yam;6fv;j44;897;jp7;4i9;tle;254;eca;hek;yxw;503
9ze;r8y;6im;823;sfd;gyi;2mm;723;lvz;jhw;k2c;643
knz;p1x;7v0;989;n9x;myq;nlw;676;c6r;h3t;s09;131
te6;m6g;5m5;528;7k9;tgv;5j0;019;z57;k0k;z95;678
ee5;7xm;mdf;291;qk3;5yl;zeu;233;yyt;ta3;jfb;549
e55;mt8;h6x;236;juf;jey;bmt;589;q9x;l6w;xsr;219
933;3s3;uvw;512;goj;e3c;ory;873;2em;4zt;at8;674
j94;sg6;xf5;494;bdi;3x7;z8f;861;dad;u61;klo;348
a41;e47;rxg;737;ftb;j7h;1p5;274;txb;pxk;r07;176
n2p;3tg;d1r;937;ke5;bo3;u6v;174;prd;t44;709;238
iy0;32x;dhp;238;gmj;qe2;l4r;361;n74;ovw;a5x;917
gkw;v06;k6z;959;svv;hdj;t5c;826;5ds;2ig;sbn;710
vdq;isd;nob;365;ab5;zzc;jde;049;3dq;xur;zvc;757
jzr;7vz;eeb;696;tt8;z74;udv;552;h1r;cyr;p56;573
8ec;9r5;jdo;848;fze;4jm;7h5;265;6k4;vki;ca4;025
tgd;htz;3j9;070;4qv;5q6;r1l;649;bhp;1ys;nm7;814
2c6;akm;qgg;151;qup;4oo;qqk;765;agu;uw6;vgn;006
fr0;f53;rsw;232;b3v;21d;7g4;829;bjb;jid;io3;049
hdx;5m9;r5o;505;9ti;t6a;j28;351;tla;wp7;4gv;893
52c;7cm;4io;428;xz0;5hu;v0b;247;ruc;a4c;otz;177
as9;pfd;ptk;904;4zt;sxb;tsw;448;efb;w1i;4od;573
u6i;665;hz5;307;eli;zlm;nop;866;97t;5qb;6mi;311
t9h;iso;qa5;380;bib;43b;8mh;074;ic1;787;c0v;607
9tv;gbl;ll4;022;s5d;qmu;rf2;614;7kb;zwx;gz6;854
q83;30t;hif;063;s4y;rre;ffm;238;t03;8eg;2rq;662
egl;6kj;pa0;212;ele;ujs;uv7;836;9vy;nzo;zad;588
tle;ub3;74c;747;0cr;q7a;3n0;033;q57;pnt;2f5;792
1or;a2f;3rb;403;55y;zni;va2;257;jk9;id5;0jt;564
k0j;4xy;ytl;422;a5n;n86;jqu;467;1wy;1kg;cd6;158
map;56b;crs;164;qvd;nbs;0wj;687;j9d;j6s;5g4;383
gu5;x9u;lm1;026;u8h;608;mc8;084;96d;f58;epz;152
bxd;fk5;wtq;458;fad;3dv;ljx;648;juj;adh;64m;736
dmg;c3w;u2k;993;icg;vim;dou;911;g54;48q;9k4;471
b26;aj0;wk8;424;j2x;gs1;r50;669;p9a;84k;87q;760
e1o;68y;6mn;333;52l;rpa;6ng;848;im9;8le;l27;587
6tx;c2a;ndb;090;qbr;ovm;ynj;775;2z6;hpq;jcq;469
c9l;425;8jf;821;af3;3pt;jj9;765;y3i;u7f;51b;242
8lr;07a;sez;793;8vy;qvs;fot;165;0ry;8bg;2jd;535
4ec;d7t;33w;069;0jj;66x;8ho;906;cw1;7hk;fqy;734
48w;5wb;osl;680;x7v;eqi;hhv;063;62c;pjr;34e;851
ppg;5in;7cs;045;e6z;32u;vyo;006;wlv;0ig;z18;104
vxw;cm8;pjc;396;21v;g0h;u79;540;po6;k28;k0r;426
24d;z0v;1a6;562;3ev;3tc;ehx;193;xso;0le;wzj;389
dfr;act;fy1;209;e4q;507;3gj;852;9po;uma;rwh;310
i9u;3hb;lc1;844;129;bnc;2qu;180;1bq;zdt;a1e;852
a47;4na;xxb;383;sox;3g8;3cv;559;659;bpy;x3y;659
zek;5yt;sdy;797;izi;oov;fsc;766;g5s;o0u;8ou;280
hz8;v6t;dt3;920;6yf;bal;j4a;782;xpi;f1g;rmk;643
kg5;10m;pru;124;gd0;7t3;j2g;414;ka9;8zf;ftw;255
9bi;tpz;3ra;046;iul;lhn;hhs;171;oz8;ohu;udy;328
3ld;7oo;ndb;725;8xp;oq6;8p4;723;dmy;pfm;6vy;244
7bb;a6q;w64;549;h6s;xqv;rb8;283;fpg;3bu;60a;289
aap;ols;hmx;417;eix;ib6;l6o;042;ci7;fyo;nqz;464
bg1;7go;u1r;048;12o;f63;dsq;906;57u;ys7;njf;561
v5g;1go;rg2;189;oqs;cmb;50d;135;h2q;qbk;3jw;521
5in;4k7;qoj;052;80x;ck4;s75;402;w4l;y04;isp;339
7ac;zy5;rp0;929;ibs;ya5;v6s;527;lp8;027;idi;964
ucr;kjv;wfs;400;t6j;qi3;6wz;804;x5o;in9;gct;559
xke;qmk;g0p;651;hvo;0a7;7f3;988;ow9;tqi;rpy;341
joo;m14;dd3;471;ada;fgi;i8p;479;gqq;m7j;jym;388
qix;tw7;1ip;451;pxb;smz;85j;799;7dv;4ie;jsg;287
68x;b62;2kd;210;gkr;cq4;ibl;838;ls5;zxp;t0l;902
lwh;dx3;xyu;617;tpx;rs3;tif;166;q7k;063;dtw;832
7qv;5jb;ltu;988;9r9;5bd;hpw;536;272;t44;gx0;613
r5r;1es;569;659;5dv;rw9;2ms;624;rh2;xs8;h1i;032
tga;cga;ql7;890;bvv;n0f;dnk;533;8p9;42i;2kc;400
9vi;wpn;hez;668;bx6;ble;2hu;977;jiu;v22;7m1;294
6tv;fsy;ksi;504;aj2;74q;5jd;854;l1m;f0q;88n;700
30m;5hp;2ud;092;sse;jsc;3l2;177;gmo;gai;fse;684
jsd;dl3;b4o;869;ngc;n0g;0vh;933;4wx;vri;ls8;805
n2m;tnd;mpt;006;640;umz;evr;643;lif;8h9;e23;286
csj;f64;y4x;048;pjz;hjy;byv;779;bvf;l2w;xqs;935
v7p;fm9;hx2;043;l85;l5t;rz3;819;xu3;tdx;t7g;978
3no;hc3;dbf;428;8t1;cnw;n5r;374;x8y;7hm;wcs;431
reh;39i;bdt;430;4ci;0cu;u4j;999;luz;0ts;ah0;081
u56;f0q;x9s;597;up5;636;3ee;392;011;5ar;mg9;176
jvl;e0x;aep;461;dlz;um2;2d4;653;zum;wip;4e3;280
idy;r54;jtx;114;3sp;hm4;5ix;292;mlm;n2a;bjw;247
0wc;8w3;5qy;602;hsv;jag;qq1;989;1ns;3uf;69i;674
s90;qq6;bw4;153;da4;i5a;1df;910;tbc;nfe;55f;195
6hd;0m9;fpx;386;9xk;wpx;cxf;496;dy8;hcu;vic;779
9be;us7;eu4;929;n78;oz9;roj;342;xrr;4l6;l57;618
2b2;8uk;3mp;031;id9;0eh;yt5;786;spb;vmf;20g;392
rr6;rrq;bls;594;fwm;uys;uya;169;uqz;sog;und;482
flo;g53;qgy;504;522;n5m;dzm;790;uhv;m3y;r1o;285
6mt;rjo;0jg;010;v02;5w9;2dc;848;10v;ubh;sjb;120
hcn;50y;sel;887;vwy;akq;qro;901;72i;rs3;ebe;943
lkk;bqb;zls;220;ub9;hhn;ar1;824;io5;7h3;uok;726
41n;mpq;k1y;469;i0z;wci;u6c;146;ym3;wt3;m20;377
ewv;ttq;kq0;967;z5d;nna;h3s;322;omt;a3v;75r;126
8j4;tuo;qc4;409;jen;lyu;39q;492;tz7;ev1;mml;685
b43;yuk;9al;710;gwj;y7m;pqa;571;i4j;w5b;glb;210
8gg;zdr;syn;501;yms;8aa;6gv;850;iuf;o8u;znq;068
85z;hx4;hyd;076;4gd;zav;wyn;000;p6s;s1z;00t;145
8nb;54v;yb4;787;9ee;qct;868;741;v15;woo;76q;560
51i;o6e;1h4;667;omc;4uy;na8;364;z19;bqr;005;587
21p;oi9;qp1;298;en5;cda;klo;063;bkz;wxe;auo;898
j0b;e4k;czu;117;45p;smh;wt4;196;xa2;wf5;rzt;772
81y;kvh;3z3;417;yh9;zob;hyo;219;biq;51r;ffv;073
70m;2gi;zud;571;vmd;8dp;muz;844;dxy;inq;n8o;853
060;h3i;9is;482;2oj;cat;syl;461;r76;6sp;xms;820
yfb;6um;owf;548;awy;jij;u4p;582;gge;i82;p6l;050
pc3;9sq;qkk;234;5nj;tln;1rz;919;kv6;8w6;ds2;136
o7u;vmd;tlm;761;6h9;vv5;dcx;911;l28;61i;1id;937
tp8;6pu;vqs;894;x8a;sem;x2p;982;raz;31h;06g;996
ji8;uxn;267;718;3mc;9og;96t;964;3ow;863;foj;124
i1v;7dr;6lr;316;yzt;6ub;lgw;863;2p8;cp3;1nv;514
d63;c4a;uea;900;tuz;w7n;ktg;502;n98;2kd;ivr;652
pvq;cuo;uh1;749;29e;1vm;rhn;350;e7j;mmo;cx8;894
a3a;s4s;r77;993;7s4;l87;x1j;376;1ct;54s;5zl;371
of8;jm2;bo6;735;o9w;fa7;tg4;650;ls4;s6x;83n;532
q98;7op;2dy;331;pdd;mvd;eq8;309;0jy;s5f;4ut;564
314;7z9;hbm;295;a2t;xw5;ywa;193;qnu;hov;8yx;875
qib;m9z;kkg;243;6jm;7e3;xg5;361;mb9;6ck;uhc;091
ilx;1mu;xfa;795;apk;afr;4nh;781;mwv;iu1;h0p;895
w1p;s6t;zh3;370;489;zim;1ox;177;t2y;z2f;7go;538
4fv;3qw;nbs;856;24w;tkj;uth;122;3mg;1vf;dbj;298
6n9;rp2;pdx;125;ho3;rdb;hqp;752;apl;9oy;65z;943
5pz;vgc;j4x;163;nro;055;oqv;778;wt1;csm;9j9;058
irn;3q4;2sb;532;lco;yq3;ixd;057;l9j;8qp;i4j;721
bev;rgy;4gs;805;g0k;f4q;j62;304;zmw;dwb;x1r;584
lhm;1h5;dv2;778;lye;woe;er2;974;tac;amx;v6s;829
8xn;zaj;bxd;184;z4f;i8f;5v9;584;zoz;4zg;y4w;543
8zj;zoc;usi;374;tuk;88i;2ch;727;iul;5c4;gmw;805
nq0;tum;eto;606;201;ajt;7k5;390;kvb;jht;qqz;766
fjz;c31;bk2;417;2ue;pxp;lhk;959;sqf;3r5;96k;361
mmy;z6v;f58;955;lpg;79d;0y9;207;je0;wk9;vbt;407
od0;qn7;ov5;430;tsv;xkl;jij;160;vfw;myj;gw1;947
k50;3fh;950;452;r9z;5i4;b2k;863;nfd;emt;w4j;581
gfc;2oq;em9;646;hma;463;u2g;543;8rx;z1g;25p;343
qd8;9nt;315;729;t7c;wgv;bnv;831;71p;z8v;cy3;505
eeb;e2z;wcm;527;4h4;5bd;16l;622;2z9;gr8;vr0;830
712;xmr;gdn;039;r61;554;vja;660;e4y;h41;mc9;632
7qs;g1a;b5m;596;3lp;ce6;s35;002;iem;qvq;fu3;271
wqx;nrk;elf;501;fd3;ud4;vyr;552;xkk;1lr;fpw;111
a08;xwy;i01;808;57c;fxt;fzh;230;r2o;yw1;s4e;924
jo4;o9y;7lx;026;xh5;kqs;twq;256;qbq;482;ow3;770
7md;xnq;8b4;490;lxl;fxi;i66;493;tqh;o3y;un6;410
biv;w94;5xg;363;9dx;wwy;8sd;881;xs8;l0z;3p8;092
2sd;z1b;l2v;872;yl7;rgp;5ef;887;sq0;d2x;s57;630
z2g;epn;lf7;141;o5h;fvi;7mp;155;lg9;ir2;ul6;638
ktj;kmc;aix;902;4mx;m9o;130;378;dv1;qlk;siv;838
6ch;k6b;rd4;162;xze;eah;qin;485;tf3;u65;z49;223
grc;yls;8qd;661;tmh;6ez;4b9;818;fum;o7p;t09;976
dau;rc7;sl9;011;r6w;h29;ok0;659;obh;t6r;n48;571
gz3;s8s;tsz;957;uxk;6wa;cqx;162;67g;en0;ccv;085
3ps;q2l;2g5;691;d0n;1t2;ops;780;r9z;li5;dbp;843
3pt;ow3;og3;270;iew;1un;bxk;022;c6f;bns;th3;555
38u;jgc;65l;566;gqj;8ml;4oj;230;mmq;o2e;wbz;823
4lm;6gb;7sx;804;0pv;t47;bdn;912;zkj;6dx;jz3;997
k1p;cpc;jhq;186;he4;48h;x1z;983;ou2;3bt;utq;988
mo9;lht;wci;117;xfl;l9i;w3i;199;clx;3sh;q5n;823
ren;drz;7m7;523;6ya;0x8;oaj;087;kqa;s0l;l79;124
sd8;t7w;mmc;127;8ov;r1c;0oe;932;ya4;35r;jbo;456
0tb;fn1;14p;156;78b;la2;ejd;840;7h9;qic;svj;298
6o3;b63;5xl;736;8w7;cbk;6yy;317;y20;zbm;k7r;890
sg1;cwl;sjd;488;w9b;wte;r31;462;n8f;lth;osd;717
z2u;9ba;o5f;604;a65;fay;k8q;289;354;p1i;att;556
cwr;9e7;hrl;620;hir;6td;csi;617;236;3c2;ufj;602
cxd;qxz;pb6;142;6tk;912;hfo;690;sc6;4bc;93p;886
lbh;rtx;jbr;321;51o;c6c;366;510;a8d;ols;rtx;695
ljz;ft0;qgh;324;rbi;k9n;xov;701;6w6;pxg;y72;094
wf0;x1t;hg4;699;91w;zax;sa4;435;8bn;o2y;bze;139
ie7;4ui;jxl;272;fx7;gsd;jqi;165;0v2;3bc;fdu;945
sbj;4is;1l1;216;q6x;pvz;kxx;616;cdj;w4s;pd5;331
hhw;2q4;a8b;627;r99;isk;3p2;020;kl9;92y;3gf;103
sj0;kjm;khz;577;fx4;loi;qbz;943;o07;z2x;zx8;006
tab;m8n;ylv;719;cpc;pdi;tvi;639;fau;x28;n1f;621
13v;ztq;ws7;030;q7g;o4v;021;959;rqi;kra;u6w;262
tgr;smu;4u4;278;gec;mf5;cfn;412;73z;tgg;621;095
0or;rob;zn8;375;omg;u4v;xqg;915;io0;f50;5bg;055
ikc;s1q;rag;470;nu6;fe1;frq;533;td6;i2a;vnn;176
vrh;a7e;nej;794;xfu;v74;1wu;165;fz4;moc;u7r;292
73i;5ra;egm;937;o8x;vuu;4pv;143;4dm;6ym;k51;518
s5y;ucy;pyx;210;xy3;qvb;j7g;582;osy;20d;cj2;324
56b;37n;elt;515;p6b;nhm;9tc;567;ukj;pwy;xy9;608
utp;cm7;q5n;011;a0z;y5k;9m3;030;8z3;z34;wcj;281
dsj;d6b;skg;199;9wp;9c7;t0p;519;r5g;n5p;qoy;553
x5t;ifr;fi9;920;1xl;o3w;6fp;791;ua4;jq1;izz;336
rjf;qks;qm0;926;u42;jah;gbs;983;ck7;lbi;fqj;023
clf;1p3;avv;874;x64;13y;om3;717;ytr;ud3;ijg;695
tkg;b4c;731;962;lt1;gf5;j3t;836;dvm;n35;ho9;571
6fn;z01;b1x;317;5m6;gty;ukq;706;v30;qnw;f9x;121
x5t;kr2;8ae;197;gdb;uxw;1gf;870;jxl;2cm;57r;715
vx5;10i;40u;223;l3p;xqt;r4m;529;nuv;os3;4dg;457
vjw;sjk;xbn;845;rg6;ssh;7d6;871;u7l;hrf;d2d;074
es6;63v;ad7;595;d9v;tml;y1y;129;8p9;6gt;bjs;306
nyc;ztd;qi1;943;zua;yf3;kz1;722;0x8;yg1;f7q;784
yoy;zzb;ios;688;fnc;l6v;o05;160;xk2;8dx;o7z;029
gcq;7u6;5qf;265;w9n;fez;wjo;097;5ue;gli;4i5;405
ovt;y7r;eib;387;e8c;y1c;8mu;157;qvx;37i;2bl;838
923;aab;v73;544;m9g;v7t;m0l;482;iby;1pj;0ff;566
azh;tkx;b73;249;3d8;9c0;psp;933;7x3;69h;89u;159
ktw;vip;0y9;681;n0n;vzf;hra;917;4ft;hol;5b1;143
aps;gjn;hpn;795;xpw;e22;9hk;213;oy9;68t;tmh;846
hnj;fre;ox7;481;je9;mp7;ufn;060;vwk;mh8;949;318
kc8;c4i;flk;729;fo5;gnm;8du;243;d4t;n8s;pn4;512
mms;vxc;fzs;338;rud;4ee;ava;915;rhy;to8;5y3;085
48k;dle;yio;804;du1;oap;3gh;785;vdz;0w9;0um;659
7ry;27i;1ja;935;hwj;es7;yp2;058;6hh;20r;uaz;238
s51;br4;3qg;381;fe2;0af;rr4;014;iy7;da3;h3u;753
f2g;04i;me0;772;de2;pm4;r7g;298;00a;2vs;35t;972
1zq;ao6;kks;661;v5q;3rf;ysx;806;kha;u6q;ge2;586
fru;1w0;ylk;579;wll;wqf;ed7;314;a86;ac1;v6j;397
nrc;mjg;1lj;529;os9;g7u;t21;407;nsb;vzf;622;647
o1s;unl;p1t;430;hg8;2oy;3jz;269;vf0;dki;vo9;215
ktx;jtc;c4q;296;08n;8we;0so;419;yy3;oz0;ze6;566
imb;8o9;fsx;732;dpf;q45;d31;793;jzl;heg;e2x;995
4h9;q5h;a6t;516;b9f;ear;9f2;964;0zd;064;6ej;474
u4j;q7m;cy9;506;oa2;x2g;qlm;209;jpt;eu2;z03;824
cqp;47o;28c;342;g66;1ns;jg1;857;vbw;yfe;kou;764
sae;1j7;yfu;507;9hf;35r;a8z;735;5or;9k9;g8b;017
7lz;2su;vba;117;fjb;5wa;s5b;498;kcj;tct;wxn;909
uyo;uaq;bwf;441;wtd;vvd;ka0;180;s65;65a;l8u;692
td0;o4g;zia;093;j66;ihx;7hj;722;fxy;wiy;9nt;348
80e;819;sup;751;w1e;10t;oig;229;o6r;fvb;8yt;469
p7f;dw7;muq;828;rbb;02f;htb;053;j8h;494;baq;758
fn4;qyd;6g0;467;mp2;174;mcn;547;h8l;ksu;ahp;503
zr6;kqw;8jn;612;e9t;qel;3dk;112;yo2;kl0;099;765
65h;8um;x1i;921;qpi;2im;z0x;257;rwm;xqm;56d;871
o0v;el3;74o;222;djm;vlv;m2n;448;xsa;p4j;xhr;998
eoj;4i9;83q;038;9no;u1p;nly;551;qel;yil;o02;116
u7o;oo3;8lc;467;hto;x2z;rfp;300;g26;awb;3y2;690
h93;tqi;4z4;666;fsj;sp2;t5l;371;jld;lpa;0kw;194
uh5;bfw;7kc;096;34j;p2u;oak;696;ej3;7an;37z;279
r0m;bqe;p6a;130;eqe;5fx;d35;530;1kg;bmv;nwx;844
y1c;bjy;hvp;630;gun;p44;pzi;709;x7e;b3l;vy7;144
5oj;nyy;t6e;020;70w;oic;3n7;961;mbg;3be;50b;056
3gd;nf1;1ba;098;i2r;4b3;6yr;790;ncg;jvb;u3l;551
wuo;37v;3a7;088;k8z;hmx;6gw;523;hg0;vvi;tav;763
5se;a34;1nh;743;y8p;cgx;fwt;670;sgt;4kg;v0x;150
i4i;v1v;b0t;299;z01;xay;r13;959;bhg;jjy;x7p;868
07y;v6a;0eo;672;rlk;46j;mp1;895;geu;r4d;uoo;620
0yz;qug;2bf;084;ie3;ecu;a4i;629;6pk;eu6;n9e;815
wqm;zbs;44s;443;1kh;4of;4tg;566;xo5;zsu;xcq;066
cuz;85s;fbx;472;3kk;v3c;og2;184;e9w;s5x;b6e;063
ydd;br4;li5;469;w5d;9e6;9fn;054;1vy;xqf;rf6;674
tsz;lcy;bof;698;y6d;v9l;vyi;419;6me;gq7;3s9;719
a0i;cvo;jkn;771;zme;lw5;86t;973;muj;qvj;t9n;598
77u;32b;r5k;692;l1l;0f4;rnt;195;3ob;4ik;pm6;711
mxb;7b4;d69;347;ssg;gp7;q0w;664;ve7;71l;0xd;123
ovp;f5l;74c;515;v2j;c6x;3x1;995;1zn;asf;ov7;375
hij;faj;k8b;774;t7x;gdq;ok6;083;8he;c0m;c0b;122
k8q;z4c;3uj;814;6ay;go0;51x;456;12y;5n9;7i5;650
o1h;kxg;xw0;538;7by;rqp;s4l;590;ff4;twl;1dp;549
ucp;0fd;gq3;014;wf8;0wt;ube;518;pcn;rhf;jql;985
avq;esb;s3t;483;3hx;u5s;jte;504;lip;crm;lvb;600
x1a;9ey;zr7;805;gj5;s0h;kaf;989;fn0;poj;unp;289
ygx;igu;hsw;667;dsp;n8f;xcf;046;azb;m5r;k7c;450
paw;t6g;awn;840;yrw;rhq;2r8;808;74e;xbi;75k;549
quj;5zv;q6t;394;lvj;ps7;3rn;663;k7c;d1d;dh0;039
9js;38b;k0q;099;4lh;hp4;4qq;853;7mn;q5k;06e;740
9s9;sdh;3q6;581;qxd;hb5;ram;794;f6i;fgf;n7b;547
1ya;nos;13m;462;x2q;s0l;ag5;171;p4h;mwd;nz3;905
o91;yfv;z0k;481;nmo;66o;329;035;53x;6qb;f3h;626
33s;jvm;gzj;367;9gh;evb;jvp;468;shd;shk;3j8;066
w27;fh8;oux;007;w9m;ysw;43s;853;xw2;8ii;a7n;181
07k;wo4;umv;044;mpq;jrb;etd;556;vna;cdu;y3g;467
cgt;frh;qle;342;l0o;yvz;3s4;339;yla;xs4;0u2;695
2vl;97m;hm9;011;5rl;8le;1uh;337;841;faw;8k8;898
59o;ndy;xiz;342;18m;fwf;jji;437;tr6;xce;tco;915
9jc;ycj;b1i;821;ydn;oio;sr8;832;m5f;rzt;fe0;166
ix3;zdz;rgw;877;f9x;qoh;cxw;952;15f;kbk;kxs;070
k4d;ndu;xb6;806;bpy;una;ft7;476;ok7;kuv;sht;427
